class_key,chip,model_name,passmark_g3d,desktop_rank
,rtx5090,GeForce RTX 5090,39002,1
rtx4090-24,rtx4090,GeForce RTX 4090,38038,2
rtx5080-16,rtx5080,GeForce RTX 5080,35629,3
rtx4080-16,rtx4080,GeForce RTX 4080,34434,4
rtx4080super-16,rtx4080super,GeForce RTX 4080 SUPER,34209,5
rtx5070ti-16,rtx5070ti,GeForce RTX 5070 Ti,32330,6
rtx4070tisuper-16,rtx4070tisuper,GeForce RTX 4070 Ti SUPER,31843,7
rtx4070ti-12,rtx4070ti,GeForce RTX 4070 Ti,31510,8
rx7900xtx-24,rx7900xtx,Radeon RX 7900 XTX,31469,9
,rtx5000,RTX 5000 Ada Generation,30988,10
rtx4070super-12,rtx4070super,GeForce RTX 4070 SUPER,29939,11
,rtx3090ti,GeForce RTX 3090 Ti,29204,12
rx7900xt-20,rx7900xt,Radeon RX 7900 XT,29118,13
rtx5070-12,rtx5070,GeForce RTX 5070,28665,14
,rtx6000,RTX 6000 Ada Generation,28603,15
,rx6950xt,Radeon RX 6950 XT,28070,16
,rtx4500,RTX 4500 Ada Generation,28029,17
rx7900gre-16,rx7900gre,Radeon RX 7900 GRE,27458,18
rx9070xt-16,rx9070xt,Radeon RX 9070 XT,26919,19
rtx4070-12,rtx4070,GeForce RTX 4070,26853,20
,rtx3080ti,GeForce RTX 3080 Ti,26737,21
,rx6900xt,Radeon RX 6900 XT,26640,22
rtx3080-12,rtx3080,GeForce RTX 3080 12GB,26560,23
,rtx3090,GeForce RTX 3090,26469,24
rx9070-16,rx9070,Radeon RX 9070,25398,25
,rx6800xt,Radeon RX 6800 XT,25110,26
,rtx5880,RTX 5880 Ada Generation,25096,27
,rtx3080,GeForce RTX 3080,24972,28
rx7800xt-16,rx7800xt,Radeon RX 7800 XT,24466,29
,rtx4000,RTX 4000 Ada Generation,23647,30
rx9070gre-12,rx9070gre,Radeon RX 9070 GRE,23448,31
,rtx6000,RTX6000-Ada-6Q,23236,32
,rtx3070ti,GeForce RTX 3070 Ti,23166,33
,rtx3500,RTX 3500 Ada Generation Embedded GPU,23052,34
,rtx5000,RTX 5000 Ada Generation Embedded GPU,23013,35
rx7700xt-12,rx7700xt,Radeon RX 7700 XT,22769,36
rtx5060ti-16,rtx5060ti,GeForce RTX 5060 Ti 16GB,22616,37
,rtx4060ti,GeForce RTX 4060 Ti,22594,38
rtx4060ti-16,rtx4060ti,GeForce RTX 4060 Ti 16GB,22545,39
,rtx3070,GeForce RTX 3070,22066,40
,rx6800,Radeon RX 6800,22056,41
,rtx6000,GRID RTX6000-6Q,21987,42
rtx5060ti-8,rtx5060ti,GeForce RTX 5060 Ti 8GB,21854,43
,rtx2080ti,GeForce RTX 2080 Ti,21405,44
,rx6750xt,Radeon RX 6750 XT,20695,45
rtx5060-8,rtx5060,GeForce RTX 5060,20620,46
,rtx4000,RTX 4000 SFF Ada Generation,20592,47
rx6750gre-12,rx6750gre,Radeon RX 6750 GRE 12GB,20410,48
,rx7700,Radeon RX 7700,20282,49
,rtx3060ti,GeForce RTX 3060 Ti,20215,50
rx9060xt-16,rx9060xt,Radeon RX 9060 XT 16GB,20131,51
,rx6700xt,Radeon RX 6700 XT,19716,52
rx9060xt-8,rx9060xt,Radeon RX 9060 XT 8GB,19684,53
,rtx8000,Quadro RTX 8000,19551,54
rtx4060-8,rtx4060,GeForce RTX 4060,19484,55
,rtx2080super,GeForce RTX 2080 SUPER,19388,56
,rx9060xt,Radeon RX 9060 XT LP,19061,57
rx6750gre-10,rx6750gre,Radeon RX 6750 GRE 10GB,18941,58
,rx6700,Radeon RX 6700,18860,59
,rtx2080,GeForce RTX 2080,18573,60
,rtx2070super,GeForce RTX 2070 SUPER,18123,61
,rx7650gre,Radeon RX 7650 GRE,17895,62
,rtx6000,Quadro RTX 6000,17756,63
rx9060-8,rx9060,Radeon RX 9060,17692,64
rx7600xt-16,rx7600xt,Radeon RX 7600 XT,17354,65
,rx6650xt,Radeon RX 6650 XT,17100,66
,rtx2000,RTX 2000 Ada Generation,16921,67
,rtx3060,GeForce RTX 3060,16884,68
,rtx6000,RTX6000-Ada-3A,16841,69
rtx5050-8,rtx5050,GeForce RTX 5050,16751,70
rtx3060-12,rtx3060,GeForce RTX 3060 12GB,16701,71
,rx5700xt,Radeon RX 5700 XT 50th Anniversary,16540,72
,rtx2060super,GeForce RTX 2060 SUPER,16457,73
,rx6600xt,Radeon RX 6600 XT,16445,74
rx7600-8,rx7600,Radeon RX 7600,16439,75
,rtx2070,GeForce RTX 2070,16051,76
,rx5700xt,Radeon RX 5700 XT,16028,77
rtx2060-12,rtx2060,GeForce RTX 2060 12GB,15910,78
,rtx5000,Quadro RTX 5000,15268,79
rtx3060-8,rtx3060,GeForce RTX 3060 8GB,15210,80
,rx6600,Radeon RX 6600,15042,81
,rtx4000,Quadro RTX 4000,14845,82
,rx5700,Radeon RX 5700,14204,83
,rtx2060,GeForce RTX 2060,14074,84
,rx6600,Radeon RX 6600 LE,13842,85
,rx5600xt,Radeon RX 5600 XT,13384,86
,rtx2000,RTX 2000 Ada Generation Embedded GPU,12992,87
,rtx6000,GRID RTX6000-1Q,12617,88
rtx3050-8,rtx3050,GeForce RTX 3050 8GB,12460,89
,rx5600,Radeon RX 5600 OEM,12309,90
,rx7400,Radeon RX 7400,11897,91
,rtx3050,GeForce RTX 3050 OEM,11862,92
,rx5600,Radeon RX 5600,11544,93
rtx3050-6,rtx3050,GeForce RTX 3050 6GB,10741,94
,rtx3000,Quadro RTX 3000,10626,95
,rx6500xt,Radeon RX 6500 XT,9614,96
,rx5500xt,Radeon RX 5500 XT,9047,97
,rx5500,Radeon RX 5500,8835,98
,rtx6000,GRID RTX6000-1B,8473,99
,rx6400,Radeon RX 6400,7757,100
,rtx2050,GeForce RTX 2050,7730,101
,rx6500,Radeon RX 6500,7714,102
,rx5300,Radeon RX 5300,7603,103
,rtx6000,GRID RTX6000-24Q,6521,104
,rx6300,Radeon RX 6300,5406,105
,rtx5000,RTX5000-Ada-4Q,5298,106
,rx9050,Radeon RX 9050,4898,107
,rtx6000,RTX6000-Ada-4Q,4678,108
,rtx6000,GRID RTX6000-8Q,4514,109
,rtx8000,GRID RTX8000-4Q,3961,110
,rtx8000,GRID RTX8000-2Q,3574,111
,rx7500,Radeon RX 7500,1873,112
